INSERT INTO `Company` VALUES (1, 'WomenSmell', 'info@womensmell.pt', '00351919102219', 'www.womensmell.pt', 'Av. da Liberdade 100', '1269-046', 'Lisboa', 'Portugal');

INSERT INTO `Client_User` VALUES (1, 'Alberto', 'Fernandes', 'alberto@gmail.com', '******', '00351918805419'),
(2, 'Beatriz', 'Gonçalves', 'beatriz@gmail.com', '*********', '00351920089223'),
(3, 'Ana', 'Simões', 'ana@gmail.com', '*****', '00351937908151'),
(4, 'David', 'Garcia', 'david@hotmail.com', '******', '00351937809355'),
(5, 'Toze', 'Marreco', 'toze@gmail.com', '******', '00351937777355'),
(6, 'Julieta', 'Batatas', 'juju@yahoo.com', '*********', '00351912309355'),
(7, 'Gervasio', 'Banana', 'gerva@gmail.com', '****', '00351917809111'),
(8, 'Diogo', 'Pereira', 'diogo@gmail.com', '*********', '00351927255116'),
(9, 'Luis', 'Duarte', 'lulu@gmail.com', '****', '00351967809444'),
(10, 'Rodrigo', 'Luz', 'rodri@yahoo.com', '******', '00351967779756'),
(11, 'Filipa', 'Oliveira', 'filipa@gmail.com', '****', '0035195751122'),
(12, 'Manuel', 'Lopes', 'lopes@hotmail.com', '******', '00351967779599'),
(13, 'Joaquim', 'Bonito', 'joaquim@loja.pt.com', '**********', '00351928590816'),
(14, 'Liliana', 'Gomes', 'lili.gomes@gmail.com', '******', '00351960982354'),
(15, 'Pedro', 'Costa', 'p.costa@outlook.com', '******', '00351917114653'),
(16, 'Carolina', 'Fernandes', 'carolina@outlook.com', '******', '00351927465966'),
(17, 'Matilde', 'Gordo', 'm.gordo@hotmail.com', '******', '00351910294657'),
(18, 'Mariana', 'Nunes', 'mariana@hotmail.com', '******', '00351969387465'),
(19, 'Maria', 'Esteves', 'esteves@outlook.com', '******', '00351968293056'),
(20, 'Afonso', 'Costa', 'afonso@yahoo.com', '******', '00351914502938'),
(21, 'Xavier', 'Nunes', 'xavier.n@outlook.com', '******', '00351961029645'),
(22, 'Vasco', 'Simão', 'vasco@outlook.com', '******', '00351947889023'),
(23, 'João', 'Papoila', 'joao.p@yahoo.com', '******', '00351934598763'),
(24, 'Diana', 'Mendes', 'diana@hotmail.com', '******', '00351910293856'),
(25, 'Fátima', 'Chaves', 'chaves@yahoo.com', '******', '00351923347890');

INSERT INTO `Client_Address` VALUES (1, 1, 'Rua Cassiano Branco Bairro dos Loios Escola Secundária Damião de Góis', 'Lisboa', ' 1950-005', 'Portugal'),
(2, 2, 'Rua Cassiano Branco Bairro dos Loios Escola 1ºCiclo Ensino Básico 9', 'Lisboa', '1950-005', 'Portugal'),
(3, 3, 'Rua Cassiano Branco Bairro dos Loios Lt 221 Lj', 'Lisboa', '1950-005', 'Portugal'),
(4, 4, 'Rua Cassiano Branco Bairro dos Loios Lt 221', 'Lisboa', '1950-005', 'Portugal'),
(5, 5, 'Impasse à Rua José do Patrocínio Lt 1', 'Lisboa', '1950-005', 'Portugal'),
(6, 23, 'Impasse à Rua José do Patrocínio Lt 2', 'Lisboa', '1950-005', 'Portugal'),
(7, 24, 'Impasse à Rua José do Patrocínio Lt 3', 'Lisboa', '1950-005', 'Portugal'),
(8, 8, 'Impasse à Rua José do Patrocínio Lt 4', 'Lisboa', '1950-005', 'Portugal'),
(9, 9, 'Rua Actriz Palmira Bastos Bairro das Amendoeiras Pares de 10', 'Lisboa', '1950-005', 'Portugal'),
(10, 10, 'Rua Capitão Leitão Ímpares de 5', 'Lisboa', '1950-005', 'Portugal'),
(11, 11, 'Rua Capitão Leitão JCA', 'Santarém', '2000-405', 'Portugal'),
(12, 12, 'Rua Capitão Leitão JCB', 'Santarém', '2000-405', 'Portugal'),
(13, 13, 'Rua Capitão Leitão Pares de 10', 'Lisboa', '1950-005', 'Portugal'),
(14, 14, 'Travessa Frei Carlos Vila Cartuxa', 'Évora', '7000-737', 'Portugal'),
(15, 15, 'Praça Marcolino Sousa', 'Évora', '7000-737', 'Portugal'),
(16, 16, 'Rua Doutor João Vieira da Silva', 'Évora', '7000-737', 'Portugal'),
(17, 17, 'Rua Frei Carlos', 'Évora', '7000-737', 'Portugal'),
(18, 18, 'Rua Associação de Moradores de São Vítor', 'Porto', '4000-009', 'Portugal'),
(19, 19, 'Rua Aquilino Ribeiro Bairro de Santa Apolónia', 'Coimbra', '3020-009', 'Portugal'),
(20, 20, 'Rua Bernardo de Santareno Bairro de Santa Apolónia', 'Coimbra', '3020-009', 'Portugal'),
(21, 21, 'Rua Ferreira de Castro Bairro de Santa Apolónia', 'Coimbra', '3020-009', 'Portugal'),
(22, 22, 'Rua Aurélia de Sousa', 'Porto', '4000-009', 'Portugal'),
(23, 6, 'Praceta da Primavera', 'Albufeira', '8200-008', 'Portugal'),
(24, 7, 'Praceta Samora Barros', 'Albufeira', '8200-008', 'Portugal'),
(25, 25, 'Rua de António Emílio de Magalhães', 'Porto', '4000-009', 'Portugal');

INSERT INTO `Warehouse` VALUES (1, 'NewSmell Warehouse', 'Avenida Infante Dom Henrique Armazém O', 'Lisboa', '1950-408');

INSERT INTO `Product_Color` VALUES (1, 'transparent'),
(2, 'baby blue'),
(3, 'milky way'),
(4, 'sea mist'),
(5, 'brilliant beige'),
(6, 'macadamia nut'),
(7, 'peach shortcake'),
(8, 'sheer rosebud'),
(9, 'very pale yellow'),
(10, 'pistachio green'),
(11, 'gold'),
(12, 'silver');

INSERT INTO `Product_Size` VALUES (1, 'Tiny'),
(2, 'Small'),
(3, 'Medium'),
(4, 'Large'),
(5, 'Huge'),
(6, 'One Size');

INSERT INTO `Fragrance_Class` VALUES (1, 'Parfum'),
(2, 'Eau de Parfum'),
(3, 'Eau de Toilette'),
(4, 'Eau de Cologne'),
(5, 'Eau Fraiche');

INSERT INTO `Fragrance` VALUES (1, 1, 'Budapest'),
(2, 2, 'Kiev'),
(3, 3, 'Bern'),
(4, 4, 'Luxembourg'),
(5, 5, 'Oslo'),
(6, 1, 'Amesterdam'),
(7, 2, 'Paris'),
(8, 3, 'Prague'),
(9, 4, 'Athens'),
(10, 5, 'Lisbon'),
(11, 1, 'London'),
(12, 2, 'Madrid'),
(13, 1, 'Dublin'),
(14, 2, 'Berlin'),
(15, 3, 'Bucharest'),
(16, 4, 'Moncaco'),
(17, 5, 'Moscow'),
(18, 1, 'Rome'),
(19, 2, 'Vienna'),
(20, 3, 'Zagreb');

INSERT INTO `Product` VALUES (1, 1, 1, 1, 1, 16.20, 10),
(2, 2, 3, 2, 1, 20.25, 25),
(3, 3, 2, 3, 1, 24.99, 36),
(4, 4, 4, 4, 1, 40.50, 18),
(5, 5, 5, 5, 1, 35.99, 27),
(6, 6, 6, 1, 1, 45.49, 39),
(7, 7, 1, 2, 1, 64.80, 11),
(8, 8, 2, 3, 1, 44.50, 12),
(9, 9, 3, 4, 1, 36.45, 16),
(10, 10, 4, 5, 1, 48.60, 47),
(11, 11, 5, 1, 1, 81.00, 58),
(12, 12, 6, 2, 1, 97.20, 19),
(13, 1, 1, 3, 1, 81.00, 26),
(14, 2, 2, 4, 1, 145.80, 36),
(15, 3, 3, 5, 1, 32.40, 47),
(16, 4, 4, 1, 1, 52.65, 57),
(17, 5, 5, 2, 1, 64.80, 68),
(18, 6, 6, 3, 1, 52.65, 18),
(19, 7, 1, 4, 1, 19.99, 25),
(20, 8, 2, 5, 1, 29.99, 19);

INSERT INTO `Product_Rating` VALUES (1, 1, 2, 1),
(2, 2, 16, 3),
(3, 3, 9, 3),
(4, 4, 12, 4),
(5, 5, 16, 5),
(6, 7, 4, 5),
(7, 8, 1, 6),
(8, 6, 15, 7),
(9, 1, 13, 6),
(10, 10, 15, 6),
(11, 3, 24, 7),
(12, 5, 18, 7),
(13, 6, 20, 7),
(14, 7, 14, 7),
(15, 7, 3, 8),
(16, 8, 11, 8),
(17, 9, 5, 9),
(18, 10, 10, 10),
(19, 3, 18, 7),
(20, 9, 1, 8);

INSERT INTO `Discount` VALUES (1, '0% discount', 'no discount', 0, True),
(2, '10% discount', 'special offer', 10, True),
(3, '20% discount', 'black friday', 20, True);

INSERT INTO `Orders` VALUES (1, 1, 1, '2018-10-04 08:12:34'),
(2, 2, 2, '2020-10-04 17:12:34'),
(3, 3, 3, '2020-01-10 18:21:09'),
(4, 4, 1, '2019-12-14 17:03:26'),
(5, 5, 2, '2020-12-12 16:03:27'),
(6, 6, 3, '2019-10-29 12:31:36'),
(7, 7, 1, '2018-08-17 13:15:43'),
(8, 8, 2, '2019-08-08 21:30:56'),
(9, 9, 3, '2019-07-14 20:10:22'),
(10, 10, 1, '2019-07-04 10:20:12'),
(11, 11, 1, '2019-06-24 18:04:21'),
(12, 12, 2, '2020-10-04 09:45:22'),
(13, 13, 1, '2018-06-02 19:33:38'),
(14, 14, 1, '2019-05-18 16:10:27'),
(15, 15, 1, '2019-05-14 15:10:49'),
(16, 16, 1, '2020-03-19 14:00:51'),
(17, 17, 2, '2018-03-10 22:00:40'),
(18, 18, 3, '2021-02-28 11:10:15'),
(19, 19, 1, '2021-03-01 12:35:24'),
(20, 20, 2, '2021-10-04 10:23:11');

INSERT INTO `Order_Product`(order_product_id, order_id, product_id, quantity) VALUES (1, 1, 1, 1),
(2, 2, 2, 2),
(3, 3, 3, 1),
(4, 4, 4, 3),
(5, 5, 5, 4),
(6, 6, 5, 5),
(7, 7, 6, 2),
(8, 8, 6, 1),
(9, 9, 7, 1),
(10, 10, 8, 2),
(11, 11, 8, 1),
(12, 12, 9, 1),
(13, 13, 9, 4),
(14, 14, 8, 3),
(15, 15, 7, 5),
(16, 16, 6, 2),
(17, 17, 5, 1),
(18, 18, 4, 2),
(19, 19, 3, 1),
(20, 20, 2, 2);

INSERT INTO `Invoice` VALUES (1, 1, 23, 16.20, True, '2020-04-06'),
(2, 2, 23, 59.98, True, '2018-04-15'),
(3, 3, 23, 19.99, True, '2019-04-17'),
(4, 4, 23, 157.95, True, '2019-04-18'),
(5, 5, 23, 259.2, True, '2018-08-05'),
(6, 6, 23, 263.25, True, '2021-08-06'),
(7, 7, 23, 64.8, True, '2018-08-15'),
(8, 8, 23, 145.8, True, '2020-08-24'),
(9, 9, 23, 81, True, '2019-05-19'),
(10, 10, 23, 194.4, True, '2019-05-23'),
(11, 11, 23, 81, True, '2020-06-07'),
(12, 12, 23, 48.6, True, '2019-06-29'),
(13, 13, 23, 145.8, True, '2019-07-09'),
(14, 14, 23, 133.5, True, '2021-07-19'),
(15, 15, 23, 324, True, '2021-08-13'),
(16, 16, 23, 90.98, True, '2018-08-22'),
(17, 17, 23, 35.99, True, '2019-11-03'),
(18, 18, 23, 81, True, '2019-12-17'),
(19, 19, 23, 24.99, True, '2020-12-19'),
(20, 20, 23, 40.5, True, '2020-01-15');
